path,guid
Assets/Skele/AnimatorSP/Files/Skins/Skin Blue/tex_popup.png,13cacb10a85b53d489d40add63173278
Assets/Skele/AnimatorSP/Files/Skins/Skin Dark/verticalscrollbarup_normal.png,cc600650e507aa34585a33782772a25e
Assets/Skele/AnimatorSP/Files/Skins/Skin Blue/textfield_normal.png,4a7f68703e3a1fc4b8278a260391fdfe
Assets/Skele/AnimatorSP/Files/Skins/Skin Blue/verticalscrollbardown_normal.png,dfd2a3c0dd058a84281de9830076fac0
Assets/Skele/AnimatorSP/Files/Skins/Skin Blue/foldout_active.png,087108d08021a0e4c8170ad4eef1c944
Assets/Skele/AnimatorSP/Files/Skins/Skin Blue/button_selected.png,b6a0e1f0f56f43b4a9cb0682e978f9c6
Assets/Skele/AnimatorSP/Files/Editor/AMOptionsFile.cs,af8867f0c7534e749843996607a8e360
Assets/UnitZ/Scripts/Components/Rotation.cs,e0005587c3397b0419e779b96f9496c5
Assets/Skele/AnimatorSP/Files/Editor/AMTimeline.cs,2f1020e060c01f54a889797d06a03929
Assets/Skele/AnimatorSP/Files/AnimatorData.cs,e3991eeb240bdf04c9dbd5bc5edd7f42
Assets/Skele/AnimatorSP/Files/Classes/AMTake.cs,bbbd0b70ef0c2054fa903e95801804e4
Assets/Skele/AnimatorSP/Files/Classes/AMAction.cs,6ffac97f5d6518e48b02631d366730d5
Assets/Skele/AnimatorSP/Files/Classes/AMTakeSav.cs,4ece2beab849e064c9fc9caec77471e6
Assets/Skele/AnimatorSP/Files/Classes/AMUtil.cs,c812e7fef5918a546aeb619a52e4d0f6
Assets/Skele/AnimatorSP/Files/Classes/RebindTr.cs,b4a10cd9ae273584db8683c6dfad35b1
Assets/Skele/Common/Dbg.cs,a6d5c8c72d9125e44b5481f078c08b09
Assets/Skele/Common/Utility.cs,84012ef023320624dbebfe677eb36323
Assets/Skele/CharacterAnimationTools/Scripts/Cutscene/CC_Sound.cs,9a169f49986517345a81c2cac19535f5
Assets/Skele/CharacterAnimationTools/Scripts/Cutscene/CC_EvtActions.cs,2cf2e6083ab7c104b98dd2025e5445a0
Assets/Skele/CharacterAnimationTools/Scripts/Cutscene/CutsceneController.cs,a333eaa0ee3a93b4e9c93d17f213f7cb
Assets/Skele/CharacterAnimationTools/Scripts/Cutscene/Data/CCTrPath.cs,da782b55a317d57409c37cdca44f8c58
Assets/Skele/Common/ResMgr.cs,c760387863376ea45b958b46264ffa66
Assets/Skele/Common/Singleton.cs,635562f1db624ec47874237f7c18cf22
Assets/Skele/Common/TransformData.cs,7461992dd1260bf43bd94752bed7d824
Assets/Skele/Common/DataStruct/SList.cs,cbfb77a84500f2a43a66c24b9d2e6e50
Assets/Skele/AnimatorSP/Files/Classes/AMAnimatorAction.cs,f567f51b6f10efd4aa2c3342f186f436
Assets/Skele/AnimatorSP/Files/Classes/AMAnimatorKey.cs,da449f67f52b32d498927543c2724c59
Assets/Skele/AnimatorSP/Files/Classes/AMKey.cs,378f4521fd479184ea1f55f40e536783
Assets/Skele/AnimatorSP/Plugins/AMTween.cs,0257f0b363426924890f0907640194f9
Assets/Skele/AnimatorSP/Plugins/AMCameraFade.cs,b8c07c9d07e149e42938080bc9e04ab0
Assets/Skele/Common/CoroutineBehaviour.cs,c318624180685d942b1a77a08ab2d9c2
Assets/Skele/AnimatorSP/Files/Classes/AMAnimatorTrack.cs,646afdff39a765648b0003023e015a9d
Assets/Skele/AnimatorSP/Files/Classes/AMTrack.cs,a235279a339ee8640a07072a9ed86b0b
Assets/Skele/AnimatorSP/Plugins/AnimatorTimeline.cs,a6d88c22dfde0844bbcf8a070b6687b5
Assets/Skele/AnimatorSP/Files/Classes/AMEventParameter.cs,db491293602e37645ab1788ccd050c67
Assets/Skele/AnimatorSP/Files/Classes/AMPropertyTrack.cs,f2cfff07dbf50244bb1d5c6c084607ba
Assets/Skele/AnimatorSP/Files/Classes/AMPropertyAction.cs,903705cf0b3a29a4ab7ab0deca884314
Assets/Skele/AnimatorSP/Files/Classes/RebindCp.cs,ab834e7803c82d24aa1c4ff3bcb9ea87
Assets/Skele/AnimatorSP/Files/Classes/AMPropertyKey.cs,4082fad8b3c1c9142bb80de99f6b1ad0
Assets/Skele/AnimatorSP/Files/Classes/AMScaleAction.cs,af4538be596c74f4884634e1c04e901c
Assets/Skele/AnimatorSP/Files/Classes/AMScaleKey.cs,fe0cfd3852ce9be4883671de0027279a
Assets/Skele/AnimatorSP/Files/Classes/AMScaleTrack.cs,f8684babdfa390146ba9200ec5be8a83
Assets/Skele/AnimatorSP/Files/Editor/ObjInspect/AMTakeEditor.cs,f94c4a493b894024b91954f59c179be2
Assets/Skele/Common/Editor/EUtil.cs,c39d787ab89ecbe4f9922a71eb7aa239
Assets/Skele/Common/RCall.cs,1b3e9143038b0f94dbf0509edc64b7a6
Assets/UnitZ/Scripts/Components/Popup.cs,2c7a5509ea284b84abf6e927c611e837
Assets/UnitZ/GUI/Elements/Common/PopUpInfo.cs,27d2118c6bedc724190328a9404b2944
Assets/UnitZ/Scripts/Components/StyleManager.cs,4f4e0530e33ca0b4dab0528bd581436c
Assets/Skele/Common/Editor/GUIWindowMgr.cs,dd191c140dcf6ff4581ae75f80bcfcaa
Assets/Skele/AnimatorSP/Files/Editor/ObjInspect/AnimatorDataEditor.cs,d433a1fd6f14b5f42863ea8fd4720cfd
Assets/Skele/CharacterAnimationTools/Editor/MirrorCtrl.cs,ca0c34ded0d64944f84eccc452e5e4f6
Assets/Skele/CharacterAnimationTools/Editor/Misc/MirrorNameRegex.cs,28536633b6b0cc0439e1583dbaca3cd9
Assets/Skele/CharacterAnimationTools/Editor/SMREditor.cs,22d360ee4e7a9e64094714a7a9db1e0d
Assets/Skele/CharacterAnimationTools/Scripts/DataType/Skele_CRCont.cs,7736de15c9924274a9642ae614d4ccff
Assets/Skele/CharacterAnimationTools/Scripts/IKSolvers/BaseSolverMB.cs,ae670c91cd9cccf44b65a4172fef23dc
Assets/Skele/Constraints/Scripts/BaseConstraint.cs,ec45ded194ef4ed4988c2b435c2be5db
Assets/Skele/Constraints/Scripts/ConUtil.cs,884ca76d9b59f2340873537f250391ed
Assets/Skele/Spline/ISpline.cs,67406b04bd0a3014a924ef464452ac1f
Assets/Skele/Spline/CatmullRom/CatmullRomCentripetal.cs,eceb87e87134658449991cddf4725546
Assets/Skele/Spline/CatmullRom/CatmullRomUniform.cs,3b1fd9299942c67438e893ccf3646727
Assets/Skele/Constraints/Scripts/ConstraintStack.cs,3da50d52bec26af4bad29b1b24871f67
Assets/Skele/Constraints/Scripts/ConstraintManager.cs,5d7f1f56799846e49ad5209394dabf58
Assets/Skele/Common/DataStruct/RoundBuffer.cs,61914aa541f168a47939f8d53a573e53
Assets/Skele/CharacterAnimationTools/Scripts/IKSolvers/CCDSolver.cs,6092e88f38558bc418f4bf800b3c57b6
Assets/Skele/CharacterAnimationTools/Scripts/IKSolvers/IKConstraints/IKConstraintMB.cs,32d9fb90db1d9734cbc35d957da1a90d
Assets/Skele/CharacterAnimationTools/Scripts/IKSolvers/IKSolver.cs,41435439f08f6ea49932becdac191336
Assets/Skele/CharacterAnimationTools/Scripts/IKSolvers/IKRTSolver.cs,50fccbb3d26903742ae280f165d6a96a
Assets/Skele/CharacterAnimationTools/Editor/DaeExporter/DaeExporter.cs,262d90731cc140c4fa798a5175112697
Assets/Skele/CharacterAnimationTools/Scripts/Collada_Main/Collada_Core/Animation/Grendgine_Collada_Animation.cs,668ec70216b9a8a43ab4ce5e6e77b7a3
Assets/Skele/CharacterAnimationTools/Scripts/Collada_Main/Collada_Core/Metadata/Grendgine_Collada_Asset.cs,931c9029ce665fc4fad9853088ef67a5
Assets/Skele/CharacterAnimationTools/Scripts/Collada_Main/Collada_Core/Metadata/Grendgine_Collada_Asset_Coverage.cs,b122902991f19f948bc36c9369a0b09c
Assets/Skele/CharacterAnimationTools/Scripts/Collada_Main/Collada_Core/Metadata/Grendgine_Collada_Geographic_Location.cs,568ec01b750c10f48b6773ec04c84a7d
Assets/Skele/CharacterAnimationTools/Scripts/Collada_Main/Collada_Core/Custom_Types/Grendgine_Collada_Geographic_Location_Altitude.cs,a28a3cfe1e0f96a41a083fec18692369
Assets/Skele/CharacterAnimationTools/Scripts/Collada_Main/Enums/Grendgine_Collada_Geographic_Location_Altitude_Mode.cs,b45058b0e2833904697928ba1d377fd1
Assets/Skele/CharacterAnimationTools/Scripts/Collada_Main/Collada_Core/Metadata/Grendgine_Collada_Asset_Unit.cs,69371e93390ca57499f6010c40feb9fe
Assets/Skele/CharacterAnimationTools/Scripts/Collada_Main/Collada_Core/Animation/Grendgine_Collada_Channel.cs,7fcb59153e7fff14593b70751b9b14fc
Assets/Skele/CharacterAnimationTools/Scripts/Collada_Main/Collada_Core/Animation/Grendgine_Collada_Library_Animations.cs,e3f7de214ccb94249bf9fdb088ec435b
Assets/Skele/CharacterAnimationTools/Scripts/Collada_Main/Collada_Core/Animation/Grendgine_Collada_Sampler.cs,e6c43590104464644a5e2793f51448b1
Assets/Skele/CharacterAnimationTools/Scripts/Collada_Main/Enums/Grendgine_Collada_Sampler_Behavior.cs,58deccba149b95a41a0c46af67377a56
Assets/Skele/CharacterAnimationTools/Scripts/Collada_Main/Collada_Core/Controller/Grendgine_Collada_Controller.cs,235668bc7452f3946b63ebf3f81ad670
Assets/Skele/CharacterAnimationTools/Scripts/Collada_Main/Collada_Core/Controller/Grendgine_Collada_Morph.cs,b42de939cb6f1904a84a7d530efdadd7
Assets/Skele/CharacterAnimationTools/Scripts/Collada_Main/Collada_Core/Controller/Grendgine_Collada_Skin.cs,90c26322e8ef28f4883236ceedab5b84
Assets/Skele/CharacterAnimationTools/Scripts/Collada_Main/Collada_Core/Controller/Grendgine_Collada_Joints.cs,25ff2cfd8bcf62e469788bb769194f20
Assets/Skele/CharacterAnimationTools/Scripts/Collada_Main/Collada_Kinematics/Joints/Grendgine_Collada_Joint.cs,a8985f84db1da4546a768f0c8198a8ed
Assets/Skele/CharacterAnimationTools/Scripts/Collada_Main/Collada_Core/Controller/Grendgine_Collada_Vertex_Weights.cs,322f4bf43264cd843a9a0ec4f9aba190
Assets/Skele/CharacterAnimationTools/Scripts/Collada_Main/Collada_Helpers/Grendgine_Collada_Int_Array_String.cs,462053ffa944d1546b48bcbfe31c1ec5
Assets/Skele/CharacterAnimationTools/Scripts/Collada_Main/Types/Grendgine_Collada_Int_Array_String.cs,81727751245d9414ebfc2361eef6a27e
Assets/Skele/CharacterAnimationTools/Scripts/Collada_Main/Collada_Helpers/Grendgine_Collada_Parse_Utils.cs,60b7c6050d031194987929e694dcf3be
Assets/Skele/CharacterAnimationTools/Scripts/Collada_Main/Collada_Helpers/Grendgine_Collada_Float_Array_String.cs,8f2b2f50f3d65cf4e9cef330de0a7afd
Assets/Skele/CharacterAnimationTools/Scripts/Collada_Main/Types/Grendgine_Collada_Float_Array_String.cs,986635ae4ceab624c839f114ef8e464b
Assets/Skele/CharacterAnimationTools/Scripts/Collada_Main/Collada_Core/Controller/Grendgine_Collada_Instance_Controller.cs,449e44fece843694b85b2226a1eaa007
Assets/Skele/CharacterAnimationTools/Scripts/Collada_Main/Collada_Core/Controller/Grendgine_Collada_Library_Controllers.cs,a236f8d557f3eaf43a0ff936446d8e85
Assets/Skele/CharacterAnimationTools/Scripts/Collada_Main/Collada_Core/Data_Flow/Grendgine_Collada_Accessor.cs,2e058e68e56c859418e3722905160a07
Assets/Skele/CharacterAnimationTools/Scripts/Collada_Main/Collada_Core/Data_Flow/Grendgine_Collada_Float_Array.cs,cd57837a1ea33604e904f22454858c38
Assets/Skele/CharacterAnimationTools/Scripts/Collada_Main/Collada_Core/Data_Flow/Grendgine_Collada_Input_Shared.cs,7a0198c4e2958bb48ac6b93321215aa1
Assets/Skele/CharacterAnimationTools/Scripts/Collada_Main/Collada_Core/Data_Flow/Grendgine_Collada_Input_Unshared.cs,1d979af9c23d403408ee98833c9b944e
Assets/Skele/CharacterAnimationTools/Scripts/Collada_Main/Enums/Grendgine_Collada_Input_Semantic.cs,d7705d4145cdde647a8d9903a06874c8
Assets/Skele/CharacterAnimationTools/Scripts/Collada_Main/Collada_Core/Data_Flow/Grendgine_Collada_Name_Array.cs,6c3eebafb86f0ab4fb687dffdefcc0f3
Assets/Skele/CharacterAnimationTools/Scripts/Collada_Main/Collada_Helpers/Grendgine_Collada_String_Array_String.cs,f0bdb438c06471a48973967890da1f73
Assets/Skele/CharacterAnimationTools/Scripts/Collada_Main/Types/Grendgine_Collada_String_Array_String.cs,1fb199ffb570d2d4db113a329d5e7928
Assets/Skele/CharacterAnimationTools/Scripts/Collada_Main/Collada_Core/Data_Flow/Grendgine_Collada_Source.cs,77977d4e2f392284da50cd8bef520a4e
Assets/Skele/CharacterAnimationTools/Scripts/Collada_Main/Collada_Core/Data_Flow/Grendgine_Collada_Bool_Array.cs,876ecc21362bcb845805395c42e5cf5a
Assets/Skele/CharacterAnimationTools/Scripts/Collada_Main/Collada_Helpers/Grendgine_Collada_Bool_Array_String.cs,a37e05dd123385047b1b8542444b4715
Assets/Skele/CharacterAnimationTools/Scripts/Collada_Main/Types/Grendgine_Collada_Bool_Array_String.cs,3c44942e90d38d646b29b9c09463b9c7
Assets/Skele/CharacterAnimationTools/Scripts/Collada_Main/Collada_Core/Data_Flow/Grendgine_Collada_IDREF_Array.cs,645e7fd7a43c0a847a22286a5b84203a
Assets/Skele/CharacterAnimationTools/Scripts/Collada_Main/Collada_Core/Data_Flow/Grendgine_Collada_Int_Array.cs,fe55d4c76c0f1bd4dbd2f9685bdb09c0
Assets/Skele/CharacterAnimationTools/Scripts/Collada_Main/Collada_Core/Data_Flow/Grendgine_Collada_SIDREF_Array.cs,8b9870f02cfd0d049b2279f7649344e0
Assets/Skele/CharacterAnimationTools/Scripts/Collada_Main/Collada_Core/Data_Flow/Grendgine_Collada_Token_Array.cs,23f3b0d1343234b43801aa9543fee17f
Assets/Skele/CharacterAnimationTools/Scripts/Collada_Main/Collada_Core/Technique_Common/Grendgine_Collada_Technique_Common_Source.cs,1bd38bc020af23846ae00ecfad6cb5a7
Assets/Skele/CharacterAnimationTools/Scripts/Collada_Main/Collada_Core/Extensibility/Grendgine_Collada_Technique_Common.cs,76342cb9a3763394f83027b45a5d30d6
Assets/Skele/CharacterAnimationTools/Scripts/Collada_Main/Collada_Core/Extensibility/Grendgine_Collada_Extra.cs,01afa8105ea795744b072c099e0e7ff2
Assets/Skele/CharacterAnimationTools/Scripts/Collada_Main/Collada_Core/Extensibility/Grendgine_Collada_Technique.cs,52847ba8771931648a50e79fe6efbae2
Assets/Skele/CharacterAnimationTools/Scripts/Collada_Main/Collada_Core/Geometry/Grendgine_Collada_Geometry.cs,d01c3c232a974904b99e5ef7af95b1e6
Assets/Skele/CharacterAnimationTools/Scripts/Collada_Main/Collada_B_Rep/Geometry/Grendgine_Collada_B_Rep.cs,4e6a35f9e2797774bbe5d54adbc0a96a
Assets/Skele/CharacterAnimationTools/Scripts/Collada_Main/Collada_B_Rep/Curves/Grendgine_Collada_Curve.cs,b0c5bc4643ac9994c83e1daac792ea3b
Assets/Skele/CharacterAnimationTools/Scripts/Collada_Main/Collada_B_Rep/Curves/Grendgine_Collada_Circle.cs,b1609b5080fc9294f93b4fe06e448508
Assets/Skele/CharacterAnimationTools/Scripts/Collada_Main/Collada_B_Rep/Curves/Grendgine_Collada_Ellipse.cs,72efee69451907148855dfe8cb130b40
Assets/Skele/CharacterAnimationTools/Scripts/Collada_Main/Collada_B_Rep/Curves/Grendgine_Collada_Hyperbola.cs,d962afb4d7816a943a94fcc1eae5b19f
Assets/Skele/CharacterAnimationTools/Scripts/Collada_Main/Collada_B_Rep/Curves/Grendgine_Collada_Line.cs,62836de19cfbf624f9b07121f3a52720
Assets/Skele/CharacterAnimationTools/Scripts/Collada_Main/Collada_B_Rep/Transformation/Grendgine_Collada_Origin.cs,3a28eb098c5d5bb45bede6759172e69e
Assets/Skele/CharacterAnimationTools/Scripts/Collada_Main/Collada_B_Rep/Curves/Grendgine_Collada_Nurbs.cs,fabc318e12a93f14a9efb90c0c4ad160
Assets/Skele/CharacterAnimationTools/Scripts/Collada_Main/Collada_Core/Geometry/Grendgine_Collada_Control_Vertices.cs,bfcdea6cb3a0f7641846adc84cb73dc1
Assets/Skele/CharacterAnimationTools/Scripts/Collada_Main/Collada_B_Rep/Curves/Grendgine_Collada_Parabola.cs,f5c37356727891c4b8187bd02ba9c358
Assets/Skele/CharacterAnimationTools/Scripts/Collada_Main/Collada_B_Rep/Curves/Grendgine_Collada_Curves.cs,7d7a7ad76c20ce04584d2828adb17c4e
Assets/Skele/CharacterAnimationTools/Scripts/Collada_Main/Collada_B_Rep/Curves/Grendgine_Collada_Surface_Curves.cs,1b6dd1ade0677ca44a8696988df91315
Assets/Skele/CharacterAnimationTools/Scripts/Collada_Main/Collada_B_Rep/Surfaces/Grendgine_Collada_Surface.cs,1cbe5bc9ad4deec41ad4040fd120ce9d
Assets/Skele/CharacterAnimationTools/Scripts/Collada_Main/Collada_B_Rep/Surfaces/Grendgine_Collada_Cone.cs,53ac22663a8584d45b6a875f36c7505d
Assets/Skele/CharacterAnimationTools/Scripts/Collada_Main/Collada_B_Rep/Surfaces/Grendgine_Collada_Cylinder_B_Rep.cs,07d3a7c5f5a635a41af01ee0d0587346
Assets/Skele/CharacterAnimationTools/Scripts/Collada_Main/Collada_B_Rep/Surfaces/Grendgine_Collada_Nurbs_Surface.cs,4afb5b3330707da48bf4074648b11ddf
Assets/Skele/CharacterAnimationTools/Scripts/Collada_Main/Collada_B_Rep/Surfaces/Grendgine_Collada_Swept_Surface.cs,e314b16e264f97d4ab7a3adec8d61094
Assets/Skele/CharacterAnimationTools/Scripts/Collada_Main/Collada_B_Rep/Surfaces/Grendgine_Collada_Torus.cs,1ef032209731cb74cb7eada7c20c7eb5
Assets/Skele/CharacterAnimationTools/Scripts/Collada_Main/Collada_Physics/Analytical_Shape/Grendgine_Collada_Plane.cs,bef0bee5e66c5e44cb38538c7da5a720
Assets/Skele/CharacterAnimationTools/Scripts/Collada_Main/Collada_Physics/Analytical_Shape/Grendgine_Collada_Sphere.cs,29767b4f19561ae4581d9a45c16a6b0d
Assets/Skele/CharacterAnimationTools/Scripts/Collada_Main/Collada_B_Rep/Surfaces/Grendgine_Collada_Surfaces.cs,6c877c18f0cd127478bbe25530047623
Assets/Skele/CharacterAnimationTools/Scripts/Collada_Main/Collada_B_Rep/Topology/Grendgine_Collada_Edges.cs,f527a14e47219ea46b9b0ba6bb4f50df
Assets/Skele/CharacterAnimationTools/Scripts/Collada_Main/Collada_B_Rep/Topology/Grendgine_Collada_Faces.cs,0af3978b2bedec749af59713248939a8
Assets/Skele/CharacterAnimationTools/Scripts/Collada_Main/Collada_B_Rep/Topology/Grendgine_Collada_PCurves.cs,581ea30613777d94a83ff48d6d2d41c2
Assets/Skele/CharacterAnimationTools/Scripts/Collada_Main/Collada_B_Rep/Topology/Grendgine_Collada_Shells.cs,ec96624b2b42e98498c287a2c652140e
Assets/Skele/CharacterAnimationTools/Scripts/Collada_Main/Collada_B_Rep/Topology/Grendgine_Collada_Solids.cs,8e40429cdd030bb4b928a05ec0844993
Assets/Skele/CharacterAnimationTools/Scripts/Collada_Main/Collada_B_Rep/Topology/Grendgine_Collada_Wires.cs,303bdc0e80a3b534496a7bec9bc661d4
Assets/Skele/CharacterAnimationTools/Scripts/Collada_Main/Collada_Core/Geometry/Grendgine_Collada_Vertices.cs,16787f3b26285bd4e8894232e97b1670
Assets/Skele/CharacterAnimationTools/Scripts/Collada_Main/Collada_Core/Geometry/Grendgine_Collada_Mesh.cs,80480507947064f4fb0a67e94fd9d801
Assets/Skele/CharacterAnimationTools/Scripts/Collada_Main/Collada_Core/Geometry/Grendgine_Collada_Spline.cs,bec7c1e278802a2489e97a2cfab46140
Assets/Skele/CharacterAnimationTools/Scripts/Collada_Main/Collada_Physics/Analytical_Shape/Grendgine_Collada_Convex_Mesh.cs,45f537ead4862ad49949c80c216ce5bc
Assets/Skele/CharacterAnimationTools/Scripts/Collada_Main/Collada_Core/Geometry/Grendgine_Collada_Instance_Geometry.cs,472351dbaedb1e44491f6ab49662443d
Assets/Skele/CharacterAnimationTools/Scripts/Collada_Main/Collada_Core/Geometry/Grendgine_Collada_Library_Geometries.cs,a8bea4837784d1d42a343062dec05e73
Assets/Skele/CharacterAnimationTools/Scripts/Collada_Main/Collada_Core/Geometry/Grendgine_Collada_Triangles.cs,ee05e05bf1194d34e9944cc5ea256175
Assets/Skele/CharacterAnimationTools/Scripts/Collada_Main/Collada_Core/Geometry/Grendgine_Collada_Geometry_Common_Fields.cs,f3bf118491643a844b111e015a08a67b
Assets/Skele/CharacterAnimationTools/Scripts/Collada_Main/Collada_Core/Parameters/Grendgine_Collada_Param.cs,1783144819ac6fa409f8b8a30d7705bb
Assets/Skele/CharacterAnimationTools/Scripts/Collada_Main/Collada_Core/Scene/Grendgine_Collada_Instance_Visual_Scene.cs,79e6e76d263bacb4aa928fbfe86b0048
Assets/Skele/CharacterAnimationTools/Scripts/Collada_Main/Collada_Core/Scene/Grendgine_Collada_Library_Visual_Scenes.cs,3e2acaf02145d314d995ca30ae1e0364
Assets/Skele/CharacterAnimationTools/Scripts/Collada_Main/Collada_Core/Scene/Grendgine_Collada_Node.cs,f122ae5041f7caf4ca331ef8201cb385
Assets/Skele/CharacterAnimationTools/Scripts/Collada_Main/Enums/Grendgine_Collada_Node_Type.cs,75828937952c8cf479200e46ce9bc463
Assets/Skele/CharacterAnimationTools/Scripts/Collada_Main/Collada_Core/Scene/Grendgine_Collada_Scene.cs,89a4a90c2ae1bb24caaaf0de221da898
Assets/Skele/CharacterAnimationTools/Scripts/Collada_Main/Collada_Kinematics/Kinematics_Scenes/Grendgine_Collada_Instance_Kinematics_Scene.cs,13685793b235cdc4e94bce5382d81dc7
Assets/Skele/CharacterAnimationTools/Scripts/Collada_Main/Collada_Core/Scene/Grendgine_Collada_Visual_Scene.cs,4400d7fa24af57b419511ca3143d34a0
Assets/Skele/CharacterAnimationTools/Scripts/Collada_Main/Collada_Core/Transform/Grendgine_Collada_Matrix.cs,e5aabc42bd7a0fd4090844e61d8b0136
Assets/Skele/CharacterAnimationTools/Scripts/Collada_Main/Collada_Helpers/Grendgine_Collada_SID_Float_Array_String.cs,0500fee08774ee442b911856e975dc49
Assets/Skele/CharacterAnimationTools/Scripts/Collada_Main/Types/Grendgine_Collada_SID_Float_Array_String.cs,42398cd7bff00c9478cbfb8fa7a30638
Assets/Skele/CharacterAnimationTools/Scripts/Collada_Main/Grendgine_Collada.cs,74170e006859dd64a8e6fa650011332d
Assets/Skele/CharacterAnimationTools/Scripts/Collada_Main/Collada_Core/Animation/Grendgine_Collada_Library_Animation_Clips.cs,7968f3d9dab66de4081e8f25db02b053
Assets/Skele/CharacterAnimationTools/Scripts/Collada_Main/Collada_Core/Camera/Grendgine_Collada_Library_Cameras.cs,1cbbf15292bd68d46b5e62f81d67d26f
Assets/Skele/CharacterAnimationTools/Scripts/Collada_Main/Collada_Core/Lighting/Grendgine_Collada_Library_Lights.cs,adb7c738c030da048b5c3e34405ba3ab
Assets/Skele/CharacterAnimationTools/Scripts/Collada_Main/Collada_Core/Mathematics/Grendgine_Collada_Library_Formulas.cs,1f23f53d10ddd354391369305b9676e0
Assets/Skele/CharacterAnimationTools/Scripts/Collada_Main/Collada_Core/Scene/Grendgine_Collada_Library_Nodes.cs,a8009c6f68b43ec4fb0bb37b24914b9c
Assets/Skele/CharacterAnimationTools/Scripts/Collada_Main/Collada_FX/Effects/Grendgine_Collada_Library_Effects.cs,009f6d47a7d340448ad9c05e9316220e
Assets/Skele/CharacterAnimationTools/Scripts/Collada_Main/Collada_FX/Materials/Grendgine_Collada_Library_Materials.cs,61361146297b6044fa2c94bea547148a
Assets/Skele/CharacterAnimationTools/Scripts/Collada_Main/Collada_FX/Texturing/Grendgine_Collada_Library_Images.cs,d446ff8d7f669d148ab18597b39b2ad3
Assets/Skele/CharacterAnimationTools/Scripts/Collada_Main/Collada_Kinematics/Articulated_Systems/Grendgine_Collada_Library_Articulated_Systems.cs,45a1de965f8643d40b6b7fed58d6e9e2
Assets/Skele/CharacterAnimationTools/Scripts/Collada_Main/Collada_Kinematics/Joints/Grendgine_Collada_Library_Joints.cs,9084e4042815bf54db8b1e80e5216563
Assets/Skele/CharacterAnimationTools/Scripts/Collada_Main/Collada_Kinematics/Kinematics_Models/Grendgine_Collada_Library_Kinematics_Models.cs,83e32c659e2c6d5408513bb006664678
Assets/Skele/CharacterAnimationTools/Scripts/Collada_Main/Collada_Kinematics/Kinematics_Scenes/Grendgine_Collada_Library_Kinematics_Scene.cs,f7f39a5a43bb1d54ca931e219c42fe22
Assets/Skele/CharacterAnimationTools/Scripts/Collada_Main/Collada_Physics/Physics_Material/Grendgine_Collada_Library_Physics_Materials.cs,da5ece86f80699740b1abc081f2068e2
Assets/Skele/CharacterAnimationTools/Scripts/Collada_Main/Collada_Physics/Physics_Model/Grendgine_Collada_Library_Physics_Models.cs,34733ea2bdf80bb4ca51b9e6444f4794
Assets/Skele/CharacterAnimationTools/Scripts/Collada_Main/Collada_Physics/Physics_Scene/Grendgine_Collada_Library_Force_Fields.cs,ec1226d15929e9741a83fb37c7a5e2ce
Assets/Skele/CharacterAnimationTools/Scripts/Collada_Main/Collada_Physics/Physics_Scene/Grendgine_Collada_Library_Physics_Scenes.cs,58e0fe8b92e074549b6f486313b262a4
Assets/Skele/CharacterAnimationTools/Editor/GUIWindows/MirrorSettingWindow.cs,154a5531a940a7645999491697c8d1ea
Assets/Skele/CharacterAnimationTools/Editor/PoseSet.cs,aa6ecf21d92e00244990d64839cd2d0e
Assets/Skele/CharacterAnimationTools/Editor/SelectionCtrl.cs,ba080e21116fad24aad1ed624c45ac10
Assets/Skele/Common/Editor/ViewRotate.cs,5d1713831a7f0a84e9d24cb00efe18f5
Assets/Skele/CharacterAnimationTools/Editor/Constraints/LimbConstraints.cs,0fcbcc5e97ba51544a5e9e0dad8a88fd
Assets/Skele/CharacterAnimationTools/Editor/IKSolvers/LimbSolver.cs,3a197d0aaea5d9645994145bab2909a3
Assets/Skele/CharacterAnimationTools/Editor/IKSolvers/TestCCD.cs,75e6e9a18382cdc4f8f11bf741d0ec7d
Assets/Skele/Common/Editor/PreferenceItem.cs,50500ef3168048846a64c018bc9a765f
Assets/Scripts/project.cs,d2f9fac1fc6265346a785ab3792bb708
Assets/Skele/CharacterAnimationTools/Editor/Misc/AnimatorDebugger.cs,4599ce07a3cc9e945ab6c200372ea78c
Assets/Skele/CharacterAnimationTools/Editor/Misc/AnimCompressEditorWindow.cs,4a293d94413f7dc48b0e6a4194aa151f
Assets/Skele/CharacterAnimationTools/Editor/Misc/AnimCurvePropEditor.cs,8486352917c611a4ba6b4463cb62e3e7
Assets/Skele/CharacterAnimationTools/Editor/Misc/AnimMirrorEditorWindow.cs,42853ad73b2021c4f86f85834e766437
Assets/Skele/CharacterAnimationTools/Editor/Misc/MeshPivotFixerEditorWindow.cs,fcf18938f03eabc4aaf9a4d21b3a3d36
Assets/Skele/MeshEditor/Editor/MeshManipulator.cs,943f711ec6e49584894a9271c1d4caa5
Assets/Skele/Common/MeshUtil.cs,f6d263b0890f7164980333899bd4fad6
Assets/Skele/MeshEditor/EditableMesh.cs,0c3f47d79337219458f48390aeba2150
Assets/Skele/Common/Editor/ETimeProf.cs,d6411a27c537ccb4b9ce50fa551715dd
Assets/Skele/MeshEditor/Editor/MeshMarker.cs,2a246fbae98975f4189883fb925d7f4d
Assets/Skele/MeshEditor/Editor/MeshSelection.cs,5497b3abd66d84e45b0549d82a711e8f
Assets/Skele/Common/Editor/UndoCont.cs,3b718c93512779646811e4d8f981788b
Assets/Skele/MeshEditor/Editor/MeshUndoer.cs,551183a381241d3498c544f7abe4fcf8
Assets/Skele/VertAnimation/MeshModifyEvt.cs,eb64b5381838cc44b86f7058f5cfb3f0
Assets/Skele/MeshEditor/Editor/MeshUtil/EdgeMarker.cs,24a89751eef82c746bb5dc2dcc48dccd
Assets/Skele/MeshEditor/Editor/MeshUtil/TriMarker.cs,f8a0ef2db07b72542bfcb2236bff289f
Assets/Skele/MeshEditor/Editor/MeshUtil/VertMarker.cs,f61a2bb646bc4064eafa8dbdfdaea90b
Assets/Skele/MeshEditor/Editor/Pivotor.cs,1e252f6cf1215c04180362bfc1423ca5
Assets/Skele/MeshEditor/Editor/ShortcutListWindow.cs,0b26817078c13b04faba29870581f4e2
Assets/Skele/MeshEditor/Editor/UndoMesh.cs,0e1fa418dbd218648a8086b18ba85438
Assets/Skele/CharacterAnimationTools/Editor/Misc/ShowBindPose.cs,552c58ba61e62fb42bca7e4061ae13b9
Assets/Skele/Common/GUIUtil.cs,e1e1dc8780ac0af42a140994921cb5af
Assets/Skele/CharacterAnimationTools/Scripts/ShareSkeleton.cs,b69dff9341c92f84bbc30671a40f8bdc
Assets/Skele/CharacterAnimationTools/Scripts/Cutscene/CC_Camera.cs,c026954638e77904aaee1d9954826c68
Assets/Skele/CharacterAnimationTools/Scripts/Cutscene/Data/CCPosInfo.cs,a951b723439138a498596a8a38c3af56
Assets/Skele/CharacterAnimationTools/Scripts/Cutscene/CC_GUI.cs,6bd1d5cc2dce9794cadddef4f705530a
Assets/Skele/CharacterAnimationTools/Scripts/Cutscene/CC_JumpTo.cs,709fcb9dc798ef9468c2a26626190c51
Assets/Skele/CharacterAnimationTools/Scripts/Cutscene/CC_LoadLevel.cs,0808d0ead6f2f854b8fcb57658dd6d8a
Assets/Skele/CharacterAnimationTools/Scripts/Cutscene/CC_PlaySpeed.cs,dd990c3cd26f5384fb6e399cd8b11fe8
Assets/Skele/CharacterAnimationTools/Scripts/Cutscene/CC_SendMsg.cs,9055a9954aa881e4c8ee136de84f525d
Assets/Skele/CharacterAnimationTools/Scripts/Cutscene/CC_SetTransform.cs,18937c1d48171a44996fd6c08d2e18fb
Assets/Skele/CharacterAnimationTools/Scripts/Cutscene/Data/CCRotInfo.cs,cd1e7e9dd3418124e8de2dde42c3193f
Assets/Skele/CharacterAnimationTools/Scripts/Cutscene/Data/CCScaInfo.cs,921b0dcba49a1df4baa45c12e8d441c0
Assets/Skele/CharacterAnimationTools/Scripts/Cutscene/CC_Spawn.cs,99df16a79924cae4daff4037e61cb868
Assets/Skele/CharacterAnimationTools/Scripts/Cutscene/Data/CCSpawnData.cs,a7530e6793125894bb198944fe66e9c9
Assets/Skele/CharacterAnimationTools/Scripts/Cutscene/Data/CCSrcObj.cs,173c5e8f69c85724381da07738a45c46
Assets/Skele/CharacterAnimationTools/Scripts/Cutscene/Dialog/CC_GUIDataTypes.cs,ed3b3957eb552c84291a8986df95ec00
Assets/Skele/CharacterAnimationTools/Scripts/Cutscene/Dialog/UGUI/CC_Unity_NormalDialog.cs,debc9d57a89d4d048a00b4410f313dde
Assets/Skele/CharacterAnimationTools/Scripts/Cutscene/Dialog/UGUI/CC_Unity_QTE.cs,dfe956ea1640b784c80b089de2614c04
Assets/Skele/CharacterAnimationTools/Scripts/Cutscene/Dialog/UGUI/CC_Unity_SelectDialog.cs,8d4275403895b4940b35a983c58b9ffe
Assets/Skele/CharacterAnimationTools/Scripts/Cutscene/Dialog/UGUI/CC_Unity_Select_SendMsg.cs,4785c887140c56b488e83776dcfd5892
Assets/Skele/CharacterAnimationTools/Scripts/Cutscene/Dialog/UGUI/CC_Unity_Texture.cs,ef1166212e3cd494d9719197b24f8dd8
Assets/Skele/CharacterAnimationTools/Scripts/Demo/CutsceneDemo0/CCDemo0_Parabola.cs,4f8aeff5da3565e46907a194b6b638c3
Assets/Skele/CharacterAnimationTools/Scripts/Demo/Webdemo0/MarkerCtrl.cs,476ae6f13c2908645a1a4abcb4f304db
Assets/Skele/CharacterAnimationTools/Scripts/IKSolvers/CCDSolverMB.cs,9c0980f83d56eb04ab2a118f05951c2d
Assets/Skele/CharacterAnimationTools/Scripts/Demo/Webdemo0/MHGUICtrl.cs,967d1e33e978536488ef455d22f8c815
Assets/Skele/Common/EmptyMarker.cs,130978565dc55b744badd3d861de7170
Assets/Skele/Common/IntervalTimer.cs,fac036ca4ec433246a5ce9e0e3588933
Assets/Skele/Common/Attributes/AddLayerAttribute.cs,b8d1515697e492b42a725443a0ebfc51
Assets/Skele/Common/Attributes/AddTagAttribute.cs,908c04ad10fd98e47822799438f5aece
Assets/Skele/Common/Attributes/ScriptOrderAttr.cs,f20cc34e8ee88704e8ddf565768154f1
Assets/Skele/Common/Attributes/Editor/CommonAttributeProcessorEditor.cs,fbf423e2d8048ed42b1fa60a53baf583
Assets/Skele/Common/Attributes/Editor/TagNLayer.cs,b02a9cb26a0893d47992ebed6a0ebb2d
Assets/Skele/Common/DataStruct/KDTree.cs,fefc6d1ef66666c46971c3720434d493
Assets/Skele/Common/DataStruct/Graph/Graph.cs,d278bcb16836dc34495882f7d6b06a6c
Assets/Skele/Common/Editor/EditorEditorWindow.cs,894bfaa99e6e2964e8070126ca493dd2
Assets/Skele/Common/Editor/EmptyMarkerEditor.cs,016d75f9eedffb342b845ec50752fd96
Assets/Skele/Common/Editor/ParticleMarker.cs,9aa325282a0c0da40a2c038da89bed04
Assets/Skele/Common/Editor/EData/EData.cs,9a9fc0e1f9c1a664caa35804e2d0aa5c
Assets/Skele/Common/Editor/EData/EDataObj.cs,e0f2e5b89ab60bc41bbbb370a620815e
Assets/Skele/Common/Editor/EData/EDataInspector.cs,585de91b0c395c94d8d6a8dd0389b9fd
Assets/Skele/Common/Editor/EData/EDOBool.cs,0338f971fb5dcd84c92a95f569f5f860
Assets/Skele/Common/Editor/EData/EDOFloat.cs,45e57c3f73c5f0d4a9402d6bdacb5aee
Assets/Skele/Common/Editor/EData/EDOInt.cs,c80d002be4d648b43a573ea3c27c7e3f
Assets/Skele/Common/Editor/EData/EDOString.cs,1abf062f02ae99846bb6afab8ccaa469
Assets/Skele/Common/GfxUtil/DrawUtil.cs,52da1983df3bc4840b8052d7d48c2311
Assets/Skele/Common/GfxUtil/GfxUtil.cs,96d1c3af542de904381a20ed9d75ffb5
Assets/Skele/MeshEditor/Editor/EditorCursor.cs,538664d72bd46f44cbcab7b9912dff0d
Assets/Skele/MeshEditor/Editor/OverlapChecker.cs,fd22251c976183943a8984144c6672c3
Assets/Skele/MeshEditor/Editor/VMesh/VMesh.cs,d1d2e28b8d1fc154c9b5c144f1afd830
Assets/Skele/MeshEditor/Editor/MeshUtil/MeshCache.cs,31a3888fd6573ad46b02599ba2d9cff3
Assets/Skele/MeshEditor/Editor/Operations/EdgeLoopSelectOp.cs,c8b51a7da79d9a247b9c8bff21102721
Assets/Skele/MeshEditor/Editor/Operations/FixBoundNormalOp.cs,a421ebaebe6cbe44dbd900f0131443a4
Assets/Skele/MeshEditor/Editor/Operations/OpUtil.cs,493753298d28a82408f284f9208f04cb
Assets/Skele/MeshEditor/Editor/Operations/RecalcNormalOp.cs,a46f4adf009ffef48959d24486e2864a
Assets/Skele/MeshEditor/Editor/Operations/DeformOp/MoveVerts.cs,117da93d0f9e24c45b39668e65698703
Assets/Skele/MeshEditor/Editor/Operations/DeformOp/RotateVerts.cs,305d2ab2ac65a85418fa3ccf55f18f41
Assets/Skele/MeshEditor/Editor/Operations/DeformOp/ScaleVerts.cs,76478952ee956d34185521b4fb635f45
Assets/Skele/MeshEditor/Editor/SoftSelection/SoftSelection.cs,f6847cdcd6738644eb92336177951fd8
Assets/Skele/MeshEditor/Editor/SoftSelection/SoftSelectionRes.cs,f74bedf76b77be849a802962afaa70d3
Assets/Skele/MeshEditor/Editor/VMesh/VEdge.cs,b8047d83205fbde4a9a4946cd4de31c1
Assets/Skele/MeshEditor/Editor/VMesh/VFace.cs,542637d03124f604b97417e11d0c3a6d
Assets/Skele/MeshEditor/Editor/VMesh/VMeshUtil.cs,cb71d290a0ef2ef44a0010f45963b466
Assets/Skele/MeshEditor/Editor/VMesh/VVert.cs,24f7392f10e862f4baf669155f542c6e
Assets/Skele/VertAnimation/MeshCacheRT.cs,0aaf96b231293c1488d36dc5e3ecce96
Assets/Skele/VertAnimation/Editor/BaseMorphSOEditor.cs,a6661652df0cefa4b9652bcf39487d71
Assets/Skele/VertAnimation/Editor/EditorRes.cs,e513ccdca3d5a404bbf1bafc0caeec6a
Assets/Skele/VertAnimation/Editor/MorphProcEditor.cs,4d091f43e843a1344a22e94829623ae1
Assets/Skele/VertAnimation/Editor/ShapeKeyMorphSOEditor.cs,b5a5ca4899082094495751fd20f48531
Assets/Skele/VertAnimation/ShapeKeys/MorphProc.cs,477678e70d3e2ac479bf58a26b464443
Assets/Skele/VertAnimation/ShapeKeys/ShapeKeyData.cs,4f487e91203e9b844b48eb4a9a4e58d4
Assets/Skele/VertAnimation/ShapeKeys/ShapeKeyDataDiff.cs,8de64cc026f618448bb21938593864fe
Assets/Skele/VertAnimation/ShapeKeys/ShapeKeyMorphSO.cs,873e365c04fd4b047aa06cf2ad9ddd57
Assets/Skele/AnimatorSP/Files/Classes/AMAnimationTrack.cs,941e9e8e83502104b8ef6df3fa7c56bc
Assets/Skele/AnimatorSP/Files/Classes/AMAnimationAction.cs,93047115a46865346aeb011f8c684dcb
Assets/Skele/AnimatorSP/Files/Classes/AMAnimationKey.cs,6a77e49aaade5884e99efd56c632f4e2
Assets/Skele/AnimatorSP/Files/Classes/AMAudioAction.cs,84e56cd81839a90409df10193064b7b2
Assets/Skele/AnimatorSP/Files/Classes/AMAudioTrack.cs,49a43048a34a5c74dae64ee2f630f15e
Assets/Skele/AnimatorSP/Files/Classes/AMAudioKey.cs,ae127ae65f7631c49b39a91821716d92
Assets/Skele/AnimatorSP/Files/Classes/AMCameraSwitcherAction.cs,00637293a82cd124da3561977473d55b
Assets/Skele/AnimatorSP/Files/Classes/AMCameraSwitcherKey.cs,9196874e0f4b92b45a463b8250239da1
Assets/Skele/AnimatorSP/Files/Classes/AMCameraSwitcherTrack.cs,9827f5dff38aeed478532f41d7e3473f
Assets/Skele/AnimatorSP/Files/Classes/AMEventTrack.cs,0bc9554885469c2438fac35cf7b3ccd4
Assets/Skele/AnimatorSP/Files/Classes/AMEventAction.cs,4a59fdffc8796c74980433f3e9aa826e
Assets/Skele/AnimatorSP/Files/Classes/AMEventKey.cs,27e22d08698da534eb3294cd5481a884
Assets/Skele/AnimatorSP/Files/Classes/AMGroup.cs,cf4e645f9bcdd3048989d4b3f17cc3fd
Assets/Skele/AnimatorSP/Files/Classes/AMOrientationTrack.cs,700ba074e29320c43ba7ceee2445bbd6
Assets/Skele/AnimatorSP/Files/Classes/AMOrientationAction.cs,7d95a9cca8a11a94ca26260fe408f7f0
Assets/Skele/AnimatorSP/Files/Classes/AMOrientationKey.cs,aee7994a274b6bc41a39342fc89f841b
Assets/Skele/AnimatorSP/Files/Classes/AMTranslationTrack.cs,8d223c033ac2b304ebc06b4ff5d6a752
Assets/Skele/AnimatorSP/Files/Classes/AMPath.cs,2b57214396e289c428cac744f256d606
Assets/Skele/AnimatorSP/Files/Classes/AMTranslationAction.cs,aa633b54b1623484487d538d58e674ab
Assets/Skele/AnimatorSP/Files/Classes/AMTranslationKey.cs,ed3ddb0d68bf34141ba3cde6ea510447
Assets/Skele/AnimatorSP/Files/Classes/AMRotationTrack.cs,a7f9cb83537ac1a4abf8c5e7dc819693
Assets/Skele/AnimatorSP/Files/Classes/AMRotationAction.cs,7cccbd237f139e443a6b216a3214e4ae
Assets/Skele/AnimatorSP/Files/Classes/AMRotationKey.cs,bf1504ab1f3f773489b1a51e17595624
Assets/Skele/AnimatorSP/Files/Classes/AMTarget.cs,154d6e398ea620148929022ec57da367
Assets/Skele/AnimatorSP/Files/Editor/AMCodeView.cs,cbc2aa2bfc48c1d41b29fd3bf5606bfa
Assets/Skele/AnimatorSP/Files/Scripts/ClipboardHelper.cs,c5e5ebca611405e4da65d871cd3c2f04
Assets/Skele/AnimatorSP/Files/Editor/AMTransitionPicker.cs,9bdf0305ed977894e9f0412352570c92
Assets/Skele/AnimatorSP/Files/Editor/AMEasePicker.cs,5afe8f4e8c2f6274c9eca98774a27fb8
Assets/Skele/AnimatorSP/Files/Editor/AMOptions.cs,9b5a6a7e1b14c9f41b2471b683bd505e
Assets/Skele/AnimatorSP/Files/Editor/AMTakeExport.cs,1afeb621c88aae549b3aad9cf640fadd
Assets/Skele/AnimatorSP/Files/Editor/AMTakeImport.cs,29b8377abd90ee041983c58648bb3f9b
Assets/Skele/AnimatorSP/Files/Editor/AMPropertySelect.cs,0653a3faa33add545ba9bfb54268ced9
Assets/Skele/AnimatorSP/Files/Editor/AMSettings.cs,33d4169974888aa43a2d99b8256ed177
Assets/Skele/AnimatorSP/Files/Skins/Skin Blue/tex_select_this.png,bfeb2621ac0af9144bef1d51885f546a
Assets/Skele/AnimatorSP/Files/Skins/Skin Blue/foldout_normal.png,3779a151b09aede4bbd5b9aae76b1b3e
Assets/ProCore/ProBuilder/Shader/DiffuseVertexColor.shader,5f2e318166a2346a4a1c50f27f484127
Assets/Skele/AnimatorSP/Files/Skins/Skin Blue/toggle_normal.png,9ec1d2918cfd6a749a740fcb6eace9cb
Assets/Skele/AnimatorSP/Files/Skins/Skin Dark/scrollview_normal.png,43ae0fd19f7135d45ae92a6b85f8eed6
Assets/Skele/AnimatorSP/Files/Skins/Skin Dark/box.png,8b54760203aee12438cb7ff1cf5a8c8e
Assets/Skele/AnimatorSP/Files/Skins/Skin Blue/verticalscrollbar_normal.png,c0b89cc2df1b0074fad505de588c40f2
Assets/Skele/AnimatorSP/Files/Skins/Skin Blue/verticalscrollbarup_normal.png,d645fa1327511804a833e4129e9319ca
Assets/Skele/AnimatorSP/Files/Skins/Skin Dark/verticalscrollbarthumb_normal.png,4f0bc1435ca7cee45ba386a765071c90
Assets/Skele/AnimatorSP/Files/Skins/Skin Blue/tex_prev_key.png,b0dd5ac3a8a27604e87af8a25010bff9
Assets/Skele/AnimatorSP/Files/Skins/Skin Blue/tex_next_key.png,b4fe9fe344de5434b9e6dc205f09fd2e
Assets/Skele/AnimatorSP/Files/Skins/Skin Dark/horizontalscrollbarleft_normal.png,afdfeaf340dab564cb58b402c72432ae
Assets/Skele/AnimatorSP/Files/Skins/Skin Blue/button_hover.png,4e89630427350514ca0faa4e2c3d195d
Assets/Skele/AnimatorSP/Files/Skins/Skin Blue/button_selected_active.png,8c1c77244e1435f40b032d7f7d302986
Assets/Skele/AnimatorSP/Files/Skins/Skin Blue/tex_nav_stop_white.png,f72f3d44bb09f7346be6c75547cc26b5
Assets/Skele/AnimatorSP/Files/Skins/Skin Blue/horizontalscrollbarthumb_normal.png,46a50e74a5255e54aaf61b12e720bfc0
Assets/Skele/AnimatorSP/Files/Skins/Skin Blue/horizontalslider_normal.png,bc49f49469e0ef54da36b9238ee5ee76
Assets/Skele/AnimatorSP/Files/Skins/Skin Dark/verticalscrollbar_normal.png,8e349af4d0ab1a74b8cab01e054b269d
Assets/Skele/AnimatorSP/Files/Skins/Skin Dark/horizontalslider_normal.png,d38c9105ed0f3994ebb2ba389ea47c6a
Assets/Skele/AnimatorSP/Files/Skins/Skin Blue/scrollview_normal.png,747524755ea6f204980aabaa13cb7da8
Assets/Skele/AnimatorSP/Files/Skins/Skin Blue/tex_select_all.png,f3b87e26b37c5954c8513a07263c4687
Assets/Skele/AnimatorSP/Files/Skins/Skin Blue/button_active.png,1882384693b9b604f910f1932115d3fe
Assets/Skele/AnimatorSP/Files/Skins/Skin Dark/verticalscrollbardown_normal.png,f6d6fc46106225c4ba7b24025a3f4f57
Assets/Skele/AnimatorSP/Files/Skins/Skin Dark/horizontalscrollbarthumb_normal.png,4f07dca622da55e49abe5151447354ce
Assets/Skele/AnimatorSP/Files/Skins/Skin Blue/toggle_active.png,8469f2b61f2f77f4e9414ac88e82662d
Assets/ProCore/ProBuilder/Material/Textures/GridBox_Collider.tga,1c6c94e6f0b33b84794b532ebc14e8a3
Assets/Skele/AnimatorSP/Files/Skins/Skin Dark/horizontalscrollbarright_normal.png,300957e699c50024f90c73ebe47308f2
Assets/Skele/AnimatorSP/Files/Skins/Skin Blue/horizontalscrollbarright_normal.png,d58c4b47e28de684dbe84cba7267bddd
Assets/ProCore/ProBuilder/Shader/pb_HideVertices.shader,99ab5b57a637bdb4192babafc1298bee
Assets/Skele/AnimatorSP/Files/Skins/Skin Dark/button_active.png,c38741a7880eb4c42a1a4c481700aac0
Assets/Skele/VertAnimation/Editor/Res/100Percent.png,f45ccda723db2714e9662c8efc652105
Assets/Skele/AnimatorSP/Files/Skins/Skin Dark/horizontalslider_thumb.png,2f279a282d01a4f42b2f0e33e97b9cfd
Assets/ProCore/ProBuilder/Shader/pb_UnlitVertexColor.shader,84f04ba86cd824249bb1c2029be83101
Assets/Skele/VertAnimation/Editor/Res/Add.png,9cf965b8794016d4393f734f0afea664
Assets/Skele/AnimatorSP/Files/Skins/Skin Blue/am_setting.png,fa48c919e9fb61f45aa0917cb0cea4bf
Assets/Skele/AnimatorSP/Files/Skins/Skin Blue/tex_nav_skip_forward.png,fa2001a9d4327d14096718badd4f11c6
Assets/Skele/AnimatorSP/Files/Skins/Skin Blue/tex_zoom.png,844440c94fa4c694a87e78bf97ff58de
Assets/Skele/AnimatorSP/Files/Skins/Skin Dark/toggle_active.png,031769c90b554c8438c7011731892c5a
Assets/Skele/AnimatorSP/Files/Skins/Skin Blue/horizontalscrollbarleft_normal.png,d8e8a9e9745336d489e8bc1d82b8efc9
Assets/Skele/AnimatorSP/Files/Skins/Skin Dark/toggle_normal.png,08bc262af8cc14742b3cc70326388a87
Assets/Skele/AnimatorSP/Files/Skins/Skin Blue/am_power.png,d6de736a466e3cc489e71cb33a58605a
Assets/Skele/AnimatorSP/Files/Skins/Skin Blue/tex_delete_hover.png,6a47ccfa5b7c5754b907960126ac88dc
Assets/Skele/AnimatorSP/Files/Skins/Skin Blue/resizetrack_normal.png,6ef7792b39b5d8f4686a3996eb11669d
Assets/ProCore/ProBuilder/Material/Textures/GridBox_Trigger.tga,3cedd75ba729c3847bddf7bb13f31a5b
Assets/Skele/AnimatorSP/Files/Skins/Skin Blue/button_normal.png,e83d927bace30b64cafeb3ebed55de89
Assets/Skele/AnimatorSP/Files/Skins/Skin Blue/horizontalscrollbar_normal.png,93c12ceb58635e3408b04f3b8cca0da5
Assets/Skele/AnimatorSP/Files/Skins/Skin Dark/textfield_normal.png,1ebaf0acb6e2ca84c8462dbbe7196d43
Assets/Skele/AnimatorSP/Files/Skins/Skin Blue/tex_properties_bg.png,743d3dbcc771b544fb89b7b839b583b5
Assets/Skele/AnimatorSP/Files/Skins/Skin Blue/horizontalslider_thumb.png,e406d30d04b7ad84b82e3da5711b15a3
Assets/Skele/AnimatorSP/Files/Skins/Skin Blue/tex_nav_play.png,72c7b91d0fc3bd24d9595498712a71b5
Assets/Skele/AnimatorSP/Files/Skins/Skin Blue/verticalscrollbarthumb_normal.png,5fcf1a2dd109e4746ad6ed508b92fd92
Assets/Skele/AnimatorSP/Files/Skins/Skin Blue/tex_playonstart.png,8dd4fecd3055c7a4d90557e886c5a7aa
Assets/ProCore/ProBuilder/Material/Textures/GridBox_NoDraw.tga,958f4a2eb8ded00429391a9816f6415f
Assets/Skele/AnimatorSP/Files/Skins/Skin Blue/tex_nav_stop.png,ba0cab2e41601d249874272d4196e225
Assets/Skele/AnimatorSP/Files/Skins/Skin Blue/tex_nav_skip_back.png,2f68234eac36ea343b132637ca16ec61
Assets/Skele/AnimatorSP/Files/Skins/Skin Blue/tex_rename.png,4d7c79be94ec524429f42d62dde62a82
Assets/Skele/AnimatorSP/Files/Skins/Skin Dark/horizontalscrollbar_normal.png,0b59b0ee71736dc4b9c8a9855f57f7f8
Assets/Skele/AnimatorSP/Files/Skins/Skin Dark/button_normal.png,aa12c65f64b1da3478b5fdfc61c52c55
Assets/Skele/AnimatorSP/Files/Skins/Skin Blue/tex_delete.png,a5af06df93fd88345a9d5fac3a63f5b7
Assets/Skele/AnimatorSP/Files/Skins/Skin Blue/tex_accept.png,06c9f6ff54d8b6e4ca60496d88466f3f
Assets/UnitZ/Scripts/Components/MouseLooking.cs,536ee400ac8ded74b9d5e3409e80f7ab
Assets/UnitZ/Prefabs/Props/House.prefab,37864b20a9b04ba4b8af1a998b751a0b
Assets/models/Characters/Animator/Character.mask,f93b2130bdac4124590edb8bb679833b
Assets/Textures/medicine_logo.png,5f7283401ed8e794c89a4b711d52d977
Assets/UnitZ/Sources/Models/house_window.FBX,10e97960841827240ac9f4770d714704
Assets/Prefabs/Meshs/border.prefab,3a4e827076008d341aed25fb9d7355b6
Assets/texture/scblood1.png,fbe45a7036582d846aa3a7e2657d96e6
Assets/Prefabs/UI/MainPanel.prefab,2ac81090b636da0459b1896e95413815
Assets/UnitZ/Sources/Materials/Orange.mat,c79fca90cd08ef547b64075a41599d22
Assets/models/Main/SA_Prop_Chair_Damaged_02.fbx,f0a710a037901404498439ea704f6e3e
Assets/Textures/billboard.png,772f73c006d72e24683c5dc399f930fc
Assets/UnitZ/Standard Assets/Projectors/Sources/Shaders/Projector Multiply.shader,ac96f5c0b697340a887ac2bd77a0bddc
Assets/texture/flash.png,ec9458c095b611943aa183c43de6c0e9
Assets/UnitZ/Sources/Terrain/ground.png,901582d0f2b331d45a6bf61e6981da91
Assets/SimplePeople/Textures/SimplePeople_Nurse.png,d349cce0a3ded8d48af6129829761340
Assets/model/iceworld_texture0.png,da20f1f08d059cf4799eb76fd98cfd87
Assets/Prefabs/Meshs/fish.prefab,0e6345016c81a5440b303ef931e54eb6
Assets/texture/grenade.png,7cb3c7214c9593d49ab3e0bae7f4a838
Assets/UnitZItem.png,03ec2a2102fa7b146a35be0b8e20f59a
Assets/Prefabs/Meshs/stand1.prefab,00fd3d51995d1154c95d2aa6c2d028e7
Assets/SimplePeople/Materials/SimplePeople_Nurse.mat,5df5b27187e6bb846b4329217cfc22bf
Assets/UnitZ/Sources/Materials/igunlogo.mat,19704491b4fdac94e9aadb9146b510c8
Assets/UnitZ/Sources/Models/Materials/No Name.mat,92f14591cd83a9645aa46884fcc8aa5d
Assets/UnitZ/Sources/Sounds/Engine.wav,b60000a159e60db4b932e1ed4b39263d
Assets/UnitZ/Sources/Materials/medicine_logo.mat,277064a1b7cb6304089e815c5f372143
Assets/UnitZ/Sources/Trees/Tree_Textures/translucency_gloss.png,23403bb12f0c4f4449342f5e31112d6b
Assets/models/Main/SA_Bld_Motel_SideBuilding_Damaged_01.fbx,fcf65fb131a732b43b38b600819fdbd1
Assets/Textures/white.png,c3da52c13ecc9e648b8643d9f717c4d8
Assets/models/Materials/CocaCola.mat,3ff2a0e16913fd246a0a5b768c03dc3f
Assets/Prefabs/Meshs/itemmodel.prefab,1837d3e11ec18f249a9c92051c55bc10
Assets/Meshs/room56.FBX,f51b55e1b4f402c4aae6f4424083b2a8
Assets/UnitZ/Scripts/Vehicles/AntiRoll.cs,75d63ee1c993e3248b0721c00ad812f7
Assets/UnitZ/Scripts/Damage/Explosion.cs,ec968bf17d4033740bac1b6f24766ad1
Assets/UnitZ/Scripts/CharacterSystem/FPSController/FPSRayActive.cs,5893b43a4fe2c7248885df9b33b007da
Assets/UnitZ/Scripts/CharacterSystem/CharacterSystem.cs,44fbcbefd49d5f54eb4353222b214098
Assets/UnitZ/Scripts/CharacterSystem/CharacterFootStep.cs,5d4c61dc4b3da7746b1c7ecc88c89e37
Assets/UnitZ/Scripts/CharacterSystem/CharacterMotor.cs,2a8ff508b8ac90c4ebca498cc4491e46
Assets/UnitZ/Scripts/Game/UnitZManager.cs,f367b4ade0352014889da927aefa96e7
Assets/UnitZ/GUI/Elements/Common/CharacterHUDCanvas.cs,b55114ef6dd59c14280bfc9a28b08733
Assets/UnitZ/GUI/Elements/Common/PanelsManager.cs,39af59ee19f395e49a113f096a379d7a
Assets/UnitZ/GUI/Elements/Common/PanelInstance.cs,9b1ac1fc33f25734d8e9c7570708c950
Assets/UnitZ/GUI/Elements/Inventory/GUIIStockItemLoader.cs,c5d06894d4e9c144faf6e2c45eeaab56
Assets/UnitZ/GUI/Elements/Inventory/DropStockArea.cs,69cda1606ff3d494480b38de39128204
Assets/UnitZ/GUI/Elements/Inventory/GUIItemCollector.cs,9f6b21e59e4251345827fb999729c1b6
Assets/UnitZ/Scripts/CharacterSystem/CharacterInventory.cs,d2dc8207464abd84c82211be983a019c
Assets/UnitZ/Scripts/Game/PlayerView.cs,5602c9690c88dfa459a08c745566c54c
Assets/UnitZ/Scripts/Components/FPSCamera.cs,0781e913fd5bb4443b845e79d382d974
Assets/UnitZ/Scripts/Item/ItemData/ItemCollector.cs,53ff67686ca4d8843bae59212bc60c82
Assets/UnitZ/Scripts/Item/ItemData/ItemData.cs,2270f2de5f21e9743bdea8c23748f19b
Assets/UnitZ/Scripts/Item/ItemFPSView/FPSItemEquipment.cs,a1b1725c2ca45324ea8455b61dba9ecd
Assets/UnitZ/Scripts/Item/ItemView/ItemEquipment.cs,4782603eff538c644928dc64e55100e4
Assets/UnitZ/Scripts/Item/ItemView/ItemSticker.cs,113af15968249e145a0f012338650cf7
Assets/UnitZ/Scripts/Item/ItemFPSView/FPSWeaponEquipment.cs,807310c7078bcef4db84db913c0e85d4
Assets/UnitZ/Scripts/CharacterSystem/FPSController/FPSController.cs,aa3ee0900f9cb594c9b65d85ec1b48fe
Assets/UnitZ/Scripts/CharacterSystem/CharacterHUD.cs,5a777e02eab05074493d2a1fca6d6cfb
Assets/UnitZ/Scripts/CharacterSystem/CharacterLiving.cs,403701dba60ef2c42a081ca92f21fcdf
Assets/UnitZ/Scripts/CharacterSystem/FPSController/FPSInputController.cs,e897787f7f2a69041ae28b1b596d5c91
Assets/UnitZ/Scripts/CharacterSystem/CharacterDriver.cs,f7a03015927ef3948abc8c9a94b7ec48
Assets/UnitZ/Scripts/Vehicles/Seat.cs,0bdb0a7ad207d6f4eab1f72649f6e273
Assets/UnitZ/Scripts/Vehicles/Vehicle.cs,295d7e4c9faab774ebf4975bb453ba8b
Assets/UnitZ/Scripts/Damage/DamageManager.cs,23594a3016a37e342abaaf3c29e50e27
Assets/UnitZ/Scripts/Damage/HitMark.cs,05d31853b75195347a34c5ee58c21748
Assets/UnitZ/Scripts/Game/SpectreCamera.cs,9d54c56b457e5534eb51f01742d7110a
Assets/UnitZ/Scripts/CharacterSystem/RagdollReplace.cs,9375770fccfd6e746b5f0ec59f98184e
Assets/UnitZ/Scripts/Vehicles/CarControl.cs,475625a68a2e77f48bef82312c9f5a5a
Assets/UnitZ/Scripts/Components/MouseLock.cs,3d486e9b9038465489736b34d6c296e5
Assets/UnitZ/Scripts/CharacterSystem/UIInventory.cs,1b3464aeff66d9148bd60e86fe9bc62d
Assets/UnitZ/Scripts/Item/Craft/ItemCrafterManager.cs,8af106706fa233b40afe8e251a07922d
Assets/UnitZ/Scripts/Item/Craft/ItemCrafter.cs,c74eadc83a1bc5d4889630127b5c7fc9
Assets/UnitZ/Scripts/Item/ItemManager.cs,f11d5c57f26f5ca43a746787fdb43620
Assets/UnitZ/Scripts/Item/Components/ObjectPlacing.cs,760a998f1bfc5d64d98027321443867b
Assets/UnitZ/Scripts/Item/Components/ObjectSpawn.cs,5f3bebdaebb6eaa4fbffe7744d60eb51
Assets/UnitZ/Scripts/Item/ItemFPSView/FPSItemPlacing.cs,547b9313b3fe9ba4cb423ac7c8953aa0
Assets/UnitZ/Scripts/Components/PlacingArea.cs,de991910480898b4cb701c2bb8256726
Assets/UnitZ/GUI/Elements/Inventory/GUIItemLoader.cs,1b0dd224b62be4a4e86c60d33309e8ce
Assets/UnitZ/GUI/Elements/Inventory/TooltipTrade.cs,91bf03e3e4a0f2e498187876310b230c
Assets/UnitZ/GUI/Elements/Inventory/TooltipInstance.cs,6254cae48c130874cb1fffdba74b3202
Assets/UnitZ/Scripts/CharacterSystem/ValueBar.cs,b5308ea0d0ac5d2429b79566d840dd88
Assets/UnitZ/Scripts/CharacterSystem/CharacterCreator/CharacterManager.cs,829f1e3a84c36ae47992121c83444559
Assets/UnitZ/Scripts/Game/PlayerSave.cs,7026d6e769643ea46856d46efd0d3e62
Assets/UnitZ/Scripts/Components/ChatLog.cs,2cde86e7447d52b4a8a62929699a33fd
Assets/UnitZ/Scripts/Game/GameManager.cs,76f68cf93693baa4c8c135737f881008
Assets/UnitZ/Scripts/Game/GameClient.cs,b9814a05bd1a03c438d6892a96a6ca37
Assets/UnitZ/Scripts/Game/GameServer.cs,b2278daa65a24ff40a0c0ebded26bda0
Assets/UnitZ/Scripts/Game/PlayerManager.cs,10748d0f7dffe4c4dac9fc588c3d8086
Assets/UnitZ/Scripts/Game/PlayerSpawner.cs,d5fda322f2d6eb840904c75797e0c6dd
Assets/UnitZ/Scripts/Game/PlayersManager.cs,3f14b10469f699446b1b7b5fcb1192c7
Assets/UnitZ/Scripts/Game/SceneManager.cs,92eff4c7b3d2dc04f8418000c99301ac
Assets/UnitZ/Scripts/Components/DayNightCycle.cs,ed54b4eba7ff2b541b02d5b3e59bd9f8
Assets/UnitZ/Scripts/Game/TreesManager.cs,9ea737616f4b6784eb0029bcd4f57f60
Assets/UnitZ/Scripts/Game/SceneSave.cs,a03c08809967f8748be6c11e0aa5aea7
Assets/UnitZ/Scripts/Game/ScoreManager.cs,0a9952c00ac145f408210b91fc9a55e4
Assets/UnitZ/Scripts/Damage/DamageBase.cs,225b057484573554c95f7ba04b76075f
Assets/UnitZ/Prefabs/FX/GroundFX.prefab,2d332cf18bb674d428d38c0212d8ca6b
Assets/UnitZ/Sources/Terrain/Terrain.asset,c7c15c02116bed0429938459b5185f35
Assets/test0/NavMesh.asset,e2f6e312092e61146bd2a00c9b1eaa6e
Assets/texture/loading1.png,cb6376228c55ae940864310a8a95f315
Assets/texture/UI.png,19e17822be33dd04c9fadb9e37ff02e8
Assets/UnitZ/Standard Assets/Projectors/Sources/Textures/Shadow.psd,0eb0a732ad112a541100162a44295342
Assets/UnitZ/Sources/Materials/Base.mat,08c04c320806da14cae6deb7226b7c9b
Assets/UnitZ/Prefabs/Props/Mart2.prefab,f397238254bfe1f41bc6c55c903e478c
Assets/models/Materials/chocolate.mat,384805824a4e0454fb5b0ba875db7278
Assets/Material/shadow.mat,02f3bbd237a668c4491e1c598c22eb44
Assets/models/Items/TomatoSoup.png,8cb033e229503644db5af75638ebcc7d
Assets/UnitZ/Sources/Materials/metal.mat,8b78aae24071d4c4ba444b37140de176
Assets/UnitZ/Sources/Models/lamp.FBX,88909013c96450349a999b9c1d32d1de
Assets/texture/3d.png,4459ae13c61e6984483f27698935b834
Assets/models/Main/SimpleApocalypse_Texture.png,dae1be1345318b1439a087c5a353ae82
Assets/models/Materials/tomato.mat,6034c8a3aae120248b30ba0698bd0b85
Assets/UnitZ/Sources/Materials/Bush.mat,c8ca2ba3526b6a649bb8d72ab1392b1b
Assets/texture/crosshair.png,07f19ba3ca626764f9f2500ab23d0f23
Assets/Prefabs/alphaout.anim,244feda3a0a53b34988623f9d2639013
Assets/UnitZ/Sources/Models/fan.FBX,af9ffda3dcab0fe45a33b7a0c9524e7f
Assets/models/Items/fish.FBX,948760b3c6a99bd41a4b9c35ed6bdb0d
Assets/Textures/tile_1.png,b15b92b320e94c74f9b89c6d2c7c6392
Assets/texture/scblood4.png,909920e34483f25438991411d245e006
Assets/texture/icon1.png,b9ea54e31d2644049a2299cf2bc5889f
Assets/UnitZ/Sources/SkyColors/am_color.png,a1be63542d17afa4b8ca3937a2f562bc
Assets/UnitZ/Sources/Trees/Tree_Textures/normal_specular.png,6d7f7664568438b48bf2242e83ca1874
Assets/Prefabs/Meshs/PC.prefab,470b496426a11ba4b8a3e1777762dd50
Assets/Prefabs/rot.anim,d58e1474ed82fa04ea373b2e510aa4a3
Assets/main/LightmapNear-1.exr,39b46894abb17214bb19f86eed3f9f84
Assets/Materials/No Name.mat,7de996a4e4ad3da4eb9bb409fa45575a
Assets/UnitZ/Sources/Materials/pizzaLogo.mat,22b841b45a11f3b4498d3ef3bb4c1fd4
Assets/Textures/igun_logo.png,2f89a1b4e70ceb9418267eb5d2349dbf
Assets/texture/item004.png,0d8a07c42c6d8564f90e8db5e7e4c8d4
Assets/UnitZ/Sources/Trees/Tree.prefab,b28bbff4ca5ab9249a1cacbe885f7c39
Assets/UnitZ/Sources/Models/house_roof.FBX,a1565c05f2e9b9047817d191837ad2f3
Assets/Meshs/Materials/default.mat,7b16341565ea4a44eac48d9dc86be6e8
Assets/UnitZ/Sources/Materials/HWR.mat,13189415854161842af123722bacb56d
Assets/main/LightmapNear-0.exr,b16837152d1cdf946b84c6674979e1be
Assets/SimplePeople/Textures/SimplePeople_Base.png,4ef78d15c4565ba40bc85dcf394a3d05
Assets/UnitZ/Sources/Terrain/bush.png,e26173251b45b6a449d900be5baa2e17
Assets/texture/bullet.png,b7dad92598cef58419fea05b8eceac11
Assets/models/Items/can.png,fc388545c68417748ba4afbd6c8b77df
Assets/CartoonSkyboxMegaPack/CartoonSunset/sky1.png,f627ba4522e292341a1562b6da2d4809
Assets/map01/NavMesh.asset,a531bb55d81d27d4b91db6fa6d5435a4
Assets/models/Main/Materials/lambert2.mat,bd9d6f550d257554ba09b038328cf70d
Assets/Prefabs/UI/BloodPanel.prefab,3076db65e88c4ce4aa1403bdb65c806d
Assets/UnitZ/Sources/Materials/wood.mat,6aa38f7565c74504ab51f39e765db5f1
Assets/models/Main/SA_Prop_Couch_Damaged_03.fbx,b738c7c5508e44b42bff29aae1c8f522
Assets/model/Materials/No Name.mat,ab2276e5256f99741ae63a430caf651e
Assets/bigworld.unity,01b17de51b1b3104e9a0bbce90ea7337
Assets/main/LightmapFar-0.exr,41a32cf5f816e704099e44f95d8eb596
Assets/models/Items/Materials/default.mat,7aabd536d1148d2408774058aa0d42f3
Assets/models/Main/Materials/SimpleApocalypse_Texture.mat,43595f46ef413184dbdf93b3ec9ac52d
Assets/UnitZ/Sources/Trees/Tree_Textures/shadow.png,af65ba66677bfaa4e9df419dddb677c3
Assets/UnitZ/Sources/Trees/Tree_Textures/diffuse.png,1539d676624cbe6469987e0e7712d45c
Assets/main.unity,17d4a48608235cd46aee48ab90b5862a
Assets/SimplePeople/Materials/SimplePeople_base.mat,ca6f06e651924ad45a95b416788650a9
Assets/model/iceworld.dae,bc258ae6f64ef5e4e9d234dc7f3633d9
Assets/iceworld.unity,ae2501f650e327242a78c2b5b1b79a50
Assets/UnitZ/Scripts/Components/LinkActive.cs,45de5a07e02ca2543b37cd4af8b35d0b
Assets/Meshs/room56.png,ddec15278d5e27942882be254fcc0e09
Assets/model/Materials/iceworld_texture0.mat,4f7881575ebb8da478315b5c34fd8a79
Assets/CartoonSkyboxMegaPack/CartoonSunset/sky2.bmp,446f3f57ed47ba746ac0b85d12a20911
Assets/UnitZ/Sources/Terrain/dirt.png,c37731876046310459ae4e705a92a63f
Assets/CartoonSkyboxMegaPack/CartoonSunset/CartoonSunset.mat,5ac83097bcaa3f44999261a56cc9bd89
Assets/Fonts/font.ttf,7c03989790652684b8ffad34609729af
Assets/UnitZ/Sources/Materials/Green.mat,d7b95a97b39489f48bb5fe49d6c47598
Assets/Textures/billboard_!.png,de05a6a7f814e49448a63d4778630bb8
Assets/Prefabs/UI/ScorePanel.prefab,7bf5e6b719315b942995c70d0e030ecf
Assets/UnitZ/Prefabs/Vehicles/Car.prefab,d16dcdc7989493a4d90c71368d81592f
Assets/UnitZ/Sources/Textures/loadingscreen.png,a774b8d7a9625ce438e73684657fbc95
Assets/texture/UnitZItem.png,99eb7bd7032309a4d8088465c7e04178
Assets/UnitZ/Sources/Materials/Gray.mat,4a15c90874e72e443b7e8504e334f243
Assets/UnitZ/Prefabs/Component/DayNightCycle.prefab,5e6a22182d9f42441adcc34b4084aad9
Assets/models/Characters/Animator/Animations_Melee.fbx,ddf59738cd3fce848867929e0595edc5
Assets/UnitZ/Sources/Sounds/grenade_explosion.wav,9c13e64854e44e74fbccc0adc06e4265
Assets/UnitZ/Prefabs/Items/Granade/Explosion.prefab,e55e7258611b64a499379096623380aa
Assets/Prefabs/Meshs/can.prefab,485a0988df24f2f418c1197456963b16
Assets/UnitZ/Sources/Materials/Red.mat,7d0af7a86c2be934eba654611dbe2900
Assets/models/Materials/can1.mat,c5ab7bd83bc415246a8a742070d8dcfd
Assets/Prefabs/basemodel.prefab,53d344e8499846d4aabd95ae6ab5c41f
Assets/Prefabs/Meshs/tomatocan.prefab,d66a7ae8811010941a5ac8535f4e8c02
Assets/UnitZ/Prefabs/Props/Ladder.prefab,6022cce8621d87e47ab694b9e58b07ec
Assets/UnitZ/Sources/Models/oiltank.FBX,c69b45f8e6225574e9e69631912a84e0
Assets/models/Main/Materials/main.mat,460cf5298001477498f30802ade0cb02
Assets/texture/bag.png,0193ab5966d1f734a9f144e9b6c6a2ab
Assets/UnitZ/Sources/Materials/Tree.mat,53ea1d59c248ee0429506c98dbd692d7
Assets/models/Items/chocolate.png,7e68f9694a1261147b0a1243849cfcdd
Assets/UnitZ/Sources/Sounds/vehicle_impact.wav,b2f34079462b3484fad323056cb37f25
Assets/Meshs/Materials/room56.mat,06222b79c29d00947b3760f296b47f8b
Assets/UnitZ/Prefabs/Props/Lamp.prefab,a21bf889c67e8904da3d5e5cc3626534
Assets/6PX2BUS.ttf,4ac9dd996770907408d94d47c1361f33
Assets/UnitZ/Prefabs/Vehicles/Car_legacy.prefab,072f89a91444abd499f571ca9071351d
Assets/UnitZ/Sources/Terrain/grass_pix.png,8e3abcd97a128db4b8467822b4e28624
Assets/texture/icon2.png,23b38dd98f837cf40b7951253abcde9e
Assets/models/Items/can.FBX,bb3cf6e9fc17dae41aedd2cdeee2f601
Assets/UnitZ/Prefabs/Props/Straw.prefab,2eb58a0aa0e6de540a6bdc0ac8e054a2
Assets/UnitZ/Prefabs/Props/Mart.prefab,54519acadda702044a342fc69673d6a4
Assets/texture/scblood2.png,b4f748da999d18345b33659ef32c9ed6
Assets/Prefabs/UI/SPECTATOR.prefab,167c2bda4b40311468d9513931be22e4
Assets/UnitZ/Sources/Skin/Font.ttf,cd6923ea0fcc1de428888f3e42e91425
Assets/Meshs/item003.obj,e4d617ead212425428d29920d581a1c8
Assets/UnitZ/Prefabs/Props/Warehouse.prefab,3b77350b005d5ae489ff45f6465b4347
Assets/sound/step2.wav,dee03c3bc28e2fb41ae1111ef6f56709
Assets/model/plane.FBX,b566fc4b7fcdc4049a6f22917d9c8d75
Assets/UnitZ/Scripts/Components/Ladder.cs,7d1a6a5b571ab694a9245990765d6c3e
Assets/UnitZ/Prefabs/Props/Net.prefab,302a107b7b528f04fbee71505c6f5232
Assets/UnitZ/Sources/Materials/Tile_1.mat,d86dbe8b6d3547d49a0db3de221137a6
Assets/Textures/pizza_logo.png,598dcb9be56f3824b8827ac1cd27ca04
Assets/models/Characters/SimpleCharacter.controller,0c2b2bab6f00e01409f3941feabb474f
Assets/Material/Shadow Projector.mat,36b15fabb56b7464d92e560490bff7ca
Assets/texture/Scene.png,92324ebb82dc30d4a9407cd08afb8e6d
Assets/UnitZ/Sources/Materials/Gold.mat,14a5e8fb287a82f42a53fe0d9df4f8bc
Assets/UnitZ/Game/SpectreCamera.prefab,a4da3afb09c9c5845b521abc35ff6cb6
Assets/UnitZ/Prefabs/Props/Oiltank.prefab,3b57bcfbe9d34e74ab57934d0ce9c78a
Assets/UnitZ/Sources/SkyColors/sky_color.png,3158373c70177474a9f2ab452c39e994
Assets/models/Main/SA_Bld_Motel_Carpark_01.fbx,7abd046c33a6a274cb23dd02d97811da
Assets/models/Main/SA_Env_Road_Straight_clear_01.fbx,f885386c3920cac4aa6971d85565ac77
Assets/texture/jump.png,f416647cbf4f90f49a8197a238550220
Assets/Meshs/stand1.obj,8c43c58c5d175a545a77da54c8b9e3e8
Assets/UnitZ/Sources/Terrain/rich.png,9a09e58c3e5450a4eb7b778e0abec1c5
Assets/models/Items/CocaCola.png,f52b5fbcef12b034bbc76e7409ac5f8b
Assets/models/Main/SA_Prop_BurnBarrel_01.fbx,cce733ccd2fca7741bf16dee4670ec66
Assets/UnitZ/Sources/Shader/SkyBoxBlended.shader,e4d755ec1f9c9e345a62df78dcf33695
Assets/test0/LightmapFar-0.exr,872cfdfc25b8ee4488be8a28c92e4011
Assets/Prefabs/click.anim,e6e9491df29186d4780658694ac4a6fb
Assets/texture/shadow.png,b3afef1d44c5e754fa83f06a50ab2e0b
Assets/UnitZ/Scripts/Item/Components/ObjectsSpawner.cs,64f59d2d8776f104f8f7c91170866e3c
Assets/UnitZ/Sources/Models/warehouse.FBX,9d0a9e2d0f541e0489915072c6fbb39f
Assets/UnitZ/Scripts/Vehicles/Car.cs,06b60c4d1ed24ce4292b21b7cf1b5d23
Assets/models/Main/Materials/lambert1.mat,e727256da7450744687b25554aed4090
Assets/Textures/ItemIcon/UnitZItem.png,e8772a6dec07ce74db98f0f028623229
Assets/UnitZ/Prefabs/Props/Gasstation.prefab,0eca0e6d7e9cd29499983d090dd483ff
Assets/map01.unity,98234c8d234f9874f9056316eb9043fa
Assets/UnitZ/Prefabs/Props/Fan.prefab,9b924d9d1c653b94aa77bae879d37374
Assets/UnitZ/Sources/Textures/loading.png,7fef60cdd2186494588e492be53741b6
Assets/UnitZ/Prefabs/Props/StreetBillboard.prefab,4deb37cdbf08fe04bb7da973f97cd6a6
Assets/Prefabs/UI/LoadingPanel.prefab,afb4ddcd0efd49b40ac1c2819841a14a
Assets/Scripts/ScorePanel.cs,eecb2adddae308440885e603c235b871
Assets/models/Characters/Animator/Animations_IK.fbx,6e4b26fde7f77c046bed3bb532de26f1
Assets/UnitZ/Sources/Materials/Billboard_1.mat,22f2200e79bd205469b0994dafb19d84
Assets/models/Items/chocolate.FBX,2c3be21efa9699a43ba16b184501d23d
Assets/Prefabs/UI/joyPanel.prefab,ce27f21eb08c92841886bca6ae8f3ffc
Assets/UnitZ/Sources/Terrain/bush_2.png,f8a5d62ef5d204f4385694e7dabc5a18
Assets/UnitZ/Scripts/Vehicles/WheelAlignment.cs,2cd4c82e77248d143a2f485c4f499f00
Assets/Prefabs/UI/SplashPanel.prefab,bc4d792ebda2fba4c8dfd6a923f7f401
Assets/UnitZ/Sources/Terrain/grass.png,f0eae15ea8cc27b488aa91047132ae76
Assets/CartoonSkyboxMegaPack/CartoonSunset/sky0.bmp,66a8507e793990547a282e11e32619e0
Assets/test0/LightmapNear-0.exr,825ab17e232ccf54195929d3d323edee
Assets/main/LightmapFar-1.exr,920e2a7e632a50049b23aab88c02a039
Assets/UnitZ/Sources/Shader/Doubleside.shader,4a7f2c8e26ccfd74f80b607cb9b3fe93
Assets/models/Items/fish.png,80418c8eac770d347a6d4483a2e6628d
Assets/UnitZ/Sources/Materials/SkyBlended.mat,5a3560ae4a2b2f14c800aff86c784800
Assets/models/Characters/Animator/Animator_Avatar.fbx,255377ae1700518438342ed74889e165
Assets/texture/common1.png,194c0ebeb2da893409787d4c6fedeb4c
Assets/UnitZ/Sources/SkyColors/light_color.png,04fe3fbefe01571499b0eab7dffad88e
Assets/Meshs/Materials/Model_0_0Mat.mat,684b0bee808c2534ebfbc43eb424d6cc
Assets/models/Items/CocaCola.FBX,c96b212f9a93d49458b4077230fbe482
Assets/texture/statistics.png,cd82522f4fd683a4fa5edb996143f950
Assets/models/Materials/fish.mat,1a6be73fdfd4a754bacedb40f42556e6
Assets/models/Characters/Animator/Pain.anim,c7c1994f91bee98449b3e863e710ac12
Assets/texture/New Material.mat,58e7366f6b3b6124cb22da595076b93b
Assets/UnitZ/Sources/Materials/Billboard.mat,0842557fc3834334dbd592540f3ca376
Assets/texture/aim.png,dee59b8fd23d93146a630f731667a196
Assets/Textures/logoHWRweb2015.png,49ed439f1300b8940b15d8ba8166461e
Assets/Scripts/JoyStick.cs,24b83c9f730184442a9b8c61176c9bb1
Assets/models/Characters/Animator/Animations.fbx,d55a3dafe23105e409ee70d6605cbd49
Assets/texture/scblood3.png,abbcf3bf5ff14134e92031c49a17894e
Assets/texture/joinus.png,814f49dfefe1982499633650cb8fec29
Assets/Meshs/ladder2.obj,b1dcabdf7f360b447800e3ef961d974a
Assets/texture/sceneUI.png,e3be28ef898ab37448ffb487ae1a9dae
Assets/UnitZ/Sources/Materials/lightmetal.mat,c27773fff8ddd2243a5714c3d9551ca1
Assets/UnitZ/Sources/Models/Tree.prefab,bf05cdfff07ec154782cf9d901572c9d

